use MarkManagement
go

create table Students(
    StudentID Nvarchar(12) primary key,
	StudentName Nvarchar(25) not null,
	DateofBirth Datetime NOT NULL,
	Email Nvarchar(40),
	Phone Nvarchar(12),
    Class Nvarchar(10)
)

create table Subjects(
    SubjectID Nvarchar(10) PRIMARY KEY,
    SubjectName Nvarchar(25) NOT NULL
)

create table Mark(
    StudentID Nvarchar(12) FOREIGN KEY (StudentID)REFERENCES Students (StudentID),
    SubjectID Nvarchar(10) FOREIGN KEY (SubjectID)REFERENCES Subjects (SubjectID),
    Date Datetime,
    Theory Tinyint,
    Practical Tinyint,
)

INSERT INTO Students 
VALUES ('AV0807005', 'Mail Trung Hiếu', '11/10/1989', 'trunghieu@yahoo.com', '0904115116', 'AV1'),
('AV0807006', 'Nguyễn Quý Hùng', '2/12/1988', 'quyhung@yahoo.com', '0955667787', 'AV2'),
('AV0807007', 'Đỗ Đắc Huỳnh', '2/1/1990', 'dachuynh@yahoo.com', '0988574747', 'AV2'),
('AV0807009', 'An Đăng Khuê', '6/3/1986', 'dangkhue@yahoo.com', '0986757463', 'AV1'),
('AV0807010', 'Nguyễn T. Tuyết Lan', '12/7/1989', 'tuyetlan@gmail.com', '0983310342', 'AV2'),
('AV0807011', 'Đinh Phụng Long', '2/12/1990', 'phunglong@yahoo.com', NULL, 'AV1'),
('AV0807012', 'Nguyễn Tuấn Nam', '2/3/1990', 'tuannam@yahoo.com', NULL, 'AV1');

INSERT INTO Subjects 
VALUES ('S001', 'SQL'),
('S002', 'Java Simplefield'),
('S003', 'Active Server Page');

INSERT INTO Mark 
VALUES ('AV0807005', 'S001','6/5/2008', 8, 25),
('AV0807006', 'S002','6/5/2008', 16, 30),
('AV0807007', 'S001','6/5/2008', 10, 25),
('AV0807009', 'S003', '6/5/2008', 7, 13),
('AV0807010', 'S003', '6/5/2008', 9, 16),
('AV0807011', 'S002', '6/5/2008', 8, 30),
('AV0807012', 'S001', '6/5/2008', 7, 31),
('AV0807005', 'S002', '6/6/2008', 12, 11),
('AV0807009', 'S003', '6/6/2008', 11, 20),
('AV0807010', 'S001', '6/6/2008', 7, 6);

--1.Hiển thị nội dung bảng Students
SELECT * FROM Students
--2.Hiển thị nội dung danh sách sinh viên lớp AV1
SELECT * FROM Students WHERE Class LIKE 'AV1'
--3 Sử dụng lệnh UPDATE để chuyển sinh viên có mã AV0807012 sang lớp AV2
UPDATE Students set Class = 'AV2' WHERE StudentID = 'AV0807012'
--4.Tính tổng số sinh viên của từng lớp
SELECT COUNT (*) as 'Tổng số sinh viên ',Class
From Students 
group by Class
--5 Hiển thị danh sách sinh viên lớp AV2 được sắp xếp tăng dần theo StudentName
SELECT * from Students where Class = 'AV2' ORDER BY StudentName ASC
--6. Hiển thị danh sách sinh viên không đạt lý thuyết môn S001 (theory <10) thi ngày 6/5/2008
SELECT Students.StudentID, StudentName, Subjects.SubjectName, Mark.Theory
FROM Students, Mark, Subjects
WHERE Students.StudentID = Mark.StudentID AND Subjects.SubjectID = Mark.SubjectID
AND Date = '6/5/2008' AND Theory < 10 AND Subjects.SubjectID = 'S001'
--7 Hiển thị tổng số sinh viên không đạt lý thuyết môn S001. (theory <10)
SELECT COUNT(*) AS'Tổng số sinh viên không đạt lí thuyết môn S001 '
FROM Students, Mark, Subjects
WHERE Students.StudentID = Mark.StudentID AND Subjects.SubjectID = Mark.SubjectID AND Theory < 10 AND Subjects.SubjectID = 'S001'
--8 Hiển thị Danh sách sinh viên học lớp AV1 và sinh sau ngày 1/1/1980
SELECT * FROM Students WHERE Class = 'AV1' AND DateofBirth > '1/1/1980'
--9 Xoá sinh viên có mã AV0807011
DELETE FROM Mark
WHERE Mark.StudentID = 'AV0807011' 
DELETE FROM Students
WHERE StudentID = 'AV0807011' 
--10 10.Hiển thị danh sách sinh viên dự thi môn có mã S001 ngày 6/5/2008 bao gồm các trường sau: StudentID, StudentName, SubjectName, Theory, Practical, Date
SELECT Students.StudentID,StudentName,SubjectName,Theory,Practical,Date
from Students,Subjects,Mark
WHERE Students.StudentID = Mark.StudentID AND Subjects.SubjectID = Mark.SubjectID 
AND Subjects.SubjectID = 'S001'  AND Date = '6/5/2008'